{"cameraMode":{"drawMode":0,"name":"Shaded","section":"Shading Mode"},"sceneLighting":false,"audioPlay":false,"sceneViewState":{"showFog":true,"showMaterialUpdate":false,"showSkybox":false,"showFlares":true,"showImageEffects":true,"showParticleSystems":true},"in2DMode":false,"pivot":{"x":-45.5,"y":2.3500001430511476,"z":52.86000442504883},"rotation":{"x":0.36766064167022707,"y":0.013992559164762497,"z":-0.0053213369101285938,"w":0.9299295544624329},"size":0.8660253882408142,"orthographic":false}