{"cameraMode":{"drawMode":0,"name":"Shaded","section":"Shading Mode"},"sceneLighting":true,"audioPlay":false,"sceneViewState":{"showFog":true,"showMaterialUpdate":false,"showSkybox":true,"showFlares":true,"showImageEffects":true,"showParticleSystems":true},"in2DMode":false,"pivot":{"x":7.770000457763672,"y":-3.4614388942718508,"z":-6.440000534057617},"rotation":{"x":0.148385152220726,"y":-0.7541956901550293,"z":0.18201065063476563,"w":0.613526463508606},"size":7.088723659515381,"orthographic":false}