{"cameraMode":{"drawMode":0,"name":"Shaded","section":"Shading Mode"},"sceneLighting":true,"audioPlay":false,"sceneViewState":{"showFog":true,"showMaterialUpdate":false,"showSkybox":true,"showFlares":true,"showImageEffects":true,"showParticleSystems":true},"in2DMode":false,"pivot":{"x":-44.876182556152347,"y":-184.66514587402345,"z":389.19512939453127},"rotation":{"x":-0.21267879009246827,"y":0.046194691210985187,"z":-0.009829065762460232,"w":-0.9762014746665955},"size":229.18112182617188,"orthographic":false}