{"cameraMode":{"drawMode":0,"name":"Shaded","section":"Shading Mode"},"sceneLighting":true,"audioPlay":false,"sceneViewState":{"showFog":true,"showMaterialUpdate":false,"showSkybox":true,"showFlares":true,"showImageEffects":true,"showParticleSystems":true},"in2DMode":false,"pivot":{"x":155.37713623046876,"y":119.52337646484375,"z":57.623016357421878},"rotation":{"x":0.2149057239294052,"y":-0.3374122977256775,"z":0.07908345758914948,"w":0.9132850170135498},"size":485.5909729003906,"orthographic":false}