{"cameraMode":{"drawMode":0,"name":"Shaded","section":"Shading Mode"},"sceneLighting":false,"audioPlay":false,"sceneViewState":{"showFog":true,"showMaterialUpdate":false,"showSkybox":false,"showFlares":true,"showImageEffects":true,"showParticleSystems":true},"in2DMode":false,"pivot":{"x":-22.417316436767579,"y":3.1279919147491457,"z":15.162264823913575},"rotation":{"x":0.011207831092178822,"y":-0.9854713678359985,"z":0.15347863733768464,"w":0.07196617126464844},"size":0.8660253882408142,"orthographic":false}