{"cameraMode":{"drawMode":0,"name":"Shaded","section":"Shading Mode"},"sceneLighting":true,"audioPlay":false,"sceneViewState":{"showFog":true,"showMaterialUpdate":false,"showSkybox":true,"showFlares":true,"showImageEffects":true,"showParticleSystems":true},"in2DMode":false,"pivot":{"x":143.532470703125,"y":-139.03158569335938,"z":428.31640625},"rotation":{"x":-0.22000925242900849,"y":0.04465775936841965,"z":-0.009844870306551457,"w":-0.9746465086936951},"size":1021.2432250976563,"orthographic":false}