{"cameraMode":{"drawMode":0,"name":"Shaded","section":"Shading Mode"},"sceneLighting":true,"audioPlay":false,"sceneViewState":{"showFog":true,"showMaterialUpdate":false,"showSkybox":true,"showFlares":true,"showImageEffects":true,"showParticleSystems":true},"in2DMode":false,"pivot":{"x":297.8000183105469,"y":87.75679016113281,"z":-12.5084228515625},"rotation":{"x":-0.09584397822618485,"y":-0.018178073689341546,"z":0.001755370874889195,"w":-0.9952993392944336},"size":354.15118408203127,"orthographic":false}